{"cameraMode":{"drawMode":0,"name":"Shaded","section":"Shading Mode"},"sceneLighting":false,"audioPlay":false,"sceneViewState":{"m_AlwaysRefresh":false,"showFog":true,"showSkybox":true,"showFlares":true,"showImageEffects":true,"showParticleSystems":true,"showVisualEffectGraphs":true,"m_FxEnabled":true},"in2DMode":false,"pivot":{"x":-0.26936838030815127,"y":-44.633216857910159,"z":11.987199783325196},"rotation":{"x":-0.6031808257102966,"y":-0.001676234183833003,"z":0.0013486219104379416,"w":-0.7982446551322937},"size":29.386329650878908,"orthographic":false}