{"cameraMode":{"drawMode":0,"name":"Shaded","section":"Shading Mode"},"sceneLighting":true,"audioPlay":false,"sceneViewState":{"m_AlwaysRefresh":false,"showFog":true,"showSkybox":true,"showFlares":true,"showImageEffects":true,"showParticleSystems":true,"showVisualEffectGraphs":true,"m_FxEnabled":true},"in2DMode":false,"pivot":{"x":0.6919797658920288,"y":0.0024124581832438709,"z":-6.754528522491455},"rotation":{"x":0.7056612372398377,"y":0.02336527779698372,"z":-0.02329525165259838,"w":0.7077814936637878},"size":4.267762660980225,"orthographic":true}